SEASON_ID,Player_ID,Game_ID,GAME_DATE,MATCHUP,WL,MIN,FGM,FGA,FG_PCT,FG3M,FG3A,FG3_PCT,FTM,FTA,FT_PCT,OREB,DREB,REB,AST,STL,BLK,TOV,PF,PTS,PLUS_MINUS,VIDEO_AVAILABLE
22017,1628384,0021701221,"APR 11, 2018",TOR @ MIA,L,19,2,3,0.667,1,2,0.5,0,0,0.0,1,3,4,1,1,0,0,2,5,5,1
22017,1628384,0021701204,"APR 09, 2018",TOR @ DET,W,19,3,6,0.5,2,4,0.5,0,0,0.0,0,4,4,0,0,2,1,0,8,6,1
22017,1628384,0021701200,"APR 08, 2018",TOR vs. ORL,W,34,7,10,0.7,5,8,0.625,2,3,0.667,2,6,8,0,0,1,2,4,21,-1,1
22017,1628384,0021701187,"APR 06, 2018",TOR vs. IND,W,20,2,5,0.4,0,1,0.0,0,0,0.0,1,3,4,0,1,0,0,1,4,23,1
22017,1628384,0021701171,"APR 04, 2018",TOR vs. BOS,W,11,2,3,0.667,0,1,0.0,0,0,0.0,2,2,4,0,0,0,0,3,4,-2,1
22017,1628384,0021701156,"APR 03, 2018",TOR @ CLE,L,21,1,3,0.333,1,3,0.333,1,2,0.5,0,1,1,0,0,0,0,2,4,3,1
22017,1628384,0021701140,"MAR 31, 2018",TOR @ BOS,L,19,3,4,0.75,1,2,0.5,1,2,0.5,0,1,1,1,0,0,1,4,8,-2,1
22017,1628384,0021701109,"MAR 27, 2018",TOR vs. DEN,W,16,3,6,0.5,1,2,0.5,0,0,0.0,1,2,3,1,0,0,0,1,7,-5,1
22017,1628384,0021701097,"MAR 25, 2018",TOR vs. LAC,L,18,3,7,0.429,1,3,0.333,0,2,0.0,1,3,4,1,0,0,0,1,7,3,1
22017,1628384,0021701082,"MAR 23, 2018",TOR vs. BKN,W,13,1,1,1.0,0,0,0.0,0,0,0.0,0,0,0,2,2,1,0,2,2,-4,1
22017,1628384,0021701065,"MAR 21, 2018",TOR @ CLE,L,15,2,4,0.5,1,1,1.0,0,0,0.0,0,0,0,1,0,0,1,3,5,-5,1
22017,1628384,0021701058,"MAR 20, 2018",TOR @ ORL,W,14,0,2,0.0,0,1,0.0,0,0,0.0,0,2,2,0,1,0,1,0,0,-11,1
22017,1628384,0021701046,"MAR 18, 2018",TOR vs. OKC,L,13,2,2,1.0,1,1,1.0,0,2,0.0,0,1,1,0,0,0,1,2,5,0,1
22017,1628384,0021701031,"MAR 16, 2018",TOR vs. DAL,W,19,2,3,0.667,0,1,0.0,0,0,0.0,0,2,2,0,0,1,2,3,4,1,1
22017,1628384,0021700914,"FEB 28, 2018",TOR @ ORL,W,10,3,3,1.0,1,1,1.0,0,1,0.0,0,2,2,1,0,0,1,0,7,10,2
22017,1628384,0021700901,"FEB 26, 2018",TOR vs. DET,W,18,3,4,0.75,1,1,1.0,1,1,1.0,0,1,1,2,0,0,1,0,8,10,1
22017,1628384,0021700876,"FEB 23, 2018",TOR vs. MIL,L,13,0,1,0.0,0,0,0.0,0,0,0.0,0,0,0,0,1,1,0,0,0,-4,1
22017,1628384,0021700859,"FEB 14, 2018",TOR @ CHI,W,18,2,8,0.25,0,4,0.0,1,3,0.333,1,5,6,0,0,0,0,1,5,7,1
22017,1628384,0021700847,"FEB 13, 2018",TOR vs. MIA,W,13,2,3,0.667,2,2,1.0,0,0,0.0,0,2,2,0,0,0,2,1,6,-4,1
22017,1628384,0021700833,"FEB 11, 2018",TOR @ CHA,W,11,0,0,0.0,0,0,0.0,0,0,0.0,0,1,1,1,0,0,0,2,0,0,1
22017,1628384,0021700812,"FEB 08, 2018",TOR vs. NYK,W,21,2,5,0.4,1,4,0.25,1,1,1.0,1,2,3,1,0,0,0,3,6,7,1
22017,1628384,0021700798,"FEB 06, 2018",TOR vs. BOS,W,15,2,3,0.667,0,1,0.0,0,0,0.0,1,3,4,1,1,0,1,0,4,6,1
22017,1628384,0021700787,"FEB 04, 2018",TOR vs. MEM,W,19,3,9,0.333,0,4,0.0,0,0,0.0,0,2,2,0,1,0,0,3,6,-14,1
22017,1628384,0021700769,"FEB 02, 2018",TOR vs. POR,W,27,0,4,0.0,0,3,0.0,2,2,1.0,1,1,2,2,1,0,0,2,2,15,1
22017,1628384,0021700762,"FEB 01, 2018",TOR @ WAS,L,21,4,8,0.5,3,5,0.6,0,0,0.0,1,2,3,0,0,0,0,1,11,1,1
22017,1628384,0021700746,"JAN 30, 2018",TOR vs. MIN,W,16,1,2,0.5,1,2,0.5,0,0,0.0,1,2,3,1,0,0,0,4,3,4,1
22017,1628384,0021700735,"JAN 28, 2018",TOR vs. LAL,W,22,2,5,0.4,0,3,0.0,1,2,0.5,1,1,2,1,1,1,0,3,5,8,1
22017,1628384,0021700716,"JAN 26, 2018",TOR vs. UTA,L,17,2,3,0.667,0,1,0.0,1,2,0.5,1,1,2,0,3,1,1,0,5,-1,1
22017,1628384,0021700705,"JAN 24, 2018",TOR @ ATL,W,24,4,5,0.8,2,3,0.667,0,0,0.0,1,4,5,1,0,1,0,1,10,8,1
22017,1628384,0021700680,"JAN 20, 2018",TOR @ MIN,L,18,3,6,0.5,1,3,0.333,0,0,0.0,0,2,2,1,1,1,1,0,7,-4,2
22017,1628384,0021700667,"JAN 19, 2018",TOR vs. SAS,W,19,0,7,0.0,0,3,0.0,0,0,0.0,3,2,5,0,2,0,1,1,0,-3,1
22017,1628384,0021700656,"JAN 17, 2018",TOR vs. DET,W,19,1,2,0.5,0,0,0.0,0,0,0.0,1,2,3,1,0,1,1,1,2,-1,1
22017,1628384,0021700639,"JAN 15, 2018",TOR @ PHI,L,19,0,2,0.0,0,1,0.0,0,0,0.0,1,3,4,1,1,0,0,1,0,-14,1
22017,1628384,0021700631,"JAN 13, 2018",TOR vs. GSW,L,26,5,7,0.714,1,3,0.333,6,6,1.0,1,2,3,2,0,0,0,3,17,3,1
22017,1628384,0021700615,"JAN 11, 2018",TOR vs. CLE,W,27,2,8,0.25,1,6,0.167,2,2,1.0,0,3,3,0,0,1,0,3,7,13,1
22017,1628384,0021700599,"JAN 09, 2018",TOR vs. MIA,L,26,1,3,0.333,0,0,0.0,0,0,0.0,0,5,5,0,1,0,0,1,2,0,1
22017,1628384,0021700592,"JAN 08, 2018",TOR @ BKN,W,16,1,3,0.333,0,2,0.0,1,1,1.0,0,0,0,0,0,0,0,4,3,4,1
22017,1628384,0021700571,"JAN 05, 2018",TOR @ MIL,W,31,2,6,0.333,1,5,0.2,0,0,0.0,0,0,0,1,2,0,2,1,5,16,1
22017,1628384,0021700560,"JAN 03, 2018",TOR @ CHI,W,16,1,5,0.2,0,4,0.0,1,1,1.0,0,3,3,0,0,0,0,0,3,-14,1
22017,1628384,0021700546,"JAN 01, 2018",TOR vs. MIL,W,35,0,0,0.0,0,0,0.0,1,2,0.5,0,6,6,2,0,0,1,1,1,16,1
22017,1628384,0021700522,"DEC 29, 2017",TOR vs. ATL,W,23,4,8,0.5,1,5,0.2,0,0,0.0,0,4,4,2,2,0,1,3,9,-1,1
22017,1628384,0021700512,"DEC 27, 2017",TOR @ OKC,L,20,2,6,0.333,2,6,0.333,0,0,0.0,0,0,0,0,0,0,1,2,6,-19,1
22017,1628384,0021700499,"DEC 26, 2017",TOR @ DAL,L,20,0,2,0.0,0,2,0.0,0,0,0.0,1,2,3,0,1,1,1,2,0,7,1
22017,1628384,0021700480,"DEC 23, 2017",TOR vs. PHI,W,21,0,3,0.0,0,3,0.0,0,0,0.0,1,5,6,2,1,0,2,0,0,1,1
22017,1628384,0021700467,"DEC 21, 2017",TOR @ PHI,W,21,2,6,0.333,1,4,0.25,1,2,0.5,0,0,0,0,2,0,3,0,6,2,1
22017,1628384,0021700454,"DEC 20, 2017",TOR @ CHA,W,31,7,9,0.778,6,7,0.857,0,1,0.0,0,4,4,2,1,0,1,1,20,28,1
22017,1628384,0021700437,"DEC 17, 2017",TOR vs. SAC,W,29,4,8,0.5,3,6,0.5,0,0,0.0,1,2,3,0,2,0,0,2,11,13,1
22017,1628384,0021700424,"DEC 15, 2017",TOR vs. BKN,W,22,1,4,0.25,1,4,0.25,0,0,0.0,2,1,3,3,1,0,1,1,3,33,2
22017,1628384,0021700411,"DEC 13, 2017",TOR @ PHX,W,19,3,6,0.5,1,2,0.5,2,2,1.0,0,2,2,0,0,0,0,3,9,12,1
22017,1628384,0021700396,"DEC 11, 2017",TOR @ LAC,L,26,1,4,0.25,1,2,0.5,0,0,0.0,1,1,2,0,1,0,1,3,3,8,1
22017,1628384,0021700385,"DEC 10, 2017",TOR @ SAC,W,27,2,5,0.4,1,2,0.5,0,0,0.0,2,1,3,0,0,0,1,2,5,24,1
22017,1628384,0021700371,"DEC 08, 2017",TOR @ MEM,W,34,3,5,0.6,2,3,0.667,0,0,0.0,0,0,0,0,2,0,2,3,8,13,1
22017,1628384,0021700350,"DEC 05, 2017",TOR vs. PHX,W,24,6,9,0.667,4,5,0.8,0,0,0.0,1,1,2,0,1,0,2,4,16,13,1
22017,1628384,0021700319,"DEC 01, 2017",TOR vs. IND,W,20,2,5,0.4,0,2,0.0,1,1,1.0,0,1,1,1,1,0,1,2,5,3,1
22017,1628384,0021700307,"NOV 29, 2017",TOR vs. CHA,W,19,0,1,0.0,0,0,0.0,0,0,0.0,1,2,3,0,1,0,1,0,0,3,1
22017,1628384,0021700280,"NOV 25, 2017",TOR @ ATL,W,17,4,4,1.0,3,3,1.0,0,0,0.0,0,1,1,2,2,0,0,3,11,17,1
22017,1628384,0021700271,"NOV 24, 2017",TOR @ IND,L,27,3,5,0.6,0,2,0.0,2,2,1.0,0,1,1,0,0,0,0,2,8,-20,1
22017,1628384,0021700258,"NOV 22, 2017",TOR @ NYK,L,16,1,2,0.5,1,2,0.5,0,0,0.0,0,1,1,1,0,0,0,1,3,-4,2
22017,1628384,0021700237,"NOV 19, 2017",TOR vs. WAS,W,20,2,5,0.4,1,4,0.25,0,0,0.0,1,1,2,0,1,0,0,2,5,-7,1
22017,1628384,0021700221,"NOV 17, 2017",TOR vs. NYK,W,30,5,10,0.5,1,6,0.167,0,0,0.0,0,1,1,0,0,0,0,1,11,25,2
22017,1628384,0021700211,"NOV 15, 2017",TOR @ NOP,W,14,2,3,0.667,1,2,0.5,0,0,0.0,0,0,0,0,1,0,1,3,5,-9,1
22017,1628384,0021700202,"NOV 14, 2017",TOR @ HOU,W,30,6,8,0.75,3,4,0.75,1,2,0.5,0,2,2,1,1,0,0,4,16,22,1
22017,1628384,0021700188,"NOV 12, 2017",TOR @ BOS,L,22,2,3,0.667,0,1,0.0,3,4,0.75,1,3,4,0,1,0,1,4,7,-10,1
22017,1628384,0021700165,"NOV 09, 2017",TOR vs. NOP,W,14,3,4,0.75,1,2,0.5,1,2,0.5,0,2,2,0,1,0,1,1,8,8,1
22017,1628384,0021700153,"NOV 07, 2017",TOR vs. CHI,W,12,2,4,0.5,2,3,0.667,1,2,0.5,1,2,3,2,2,0,2,0,7,-4,1
22017,1628384,0021700139,"NOV 05, 2017",TOR vs. WAS,L,14,0,2,0.0,0,0,0.0,0,2,0.0,0,2,2,1,1,1,0,3,0,4,1
22017,1628384,0021700128,"NOV 03, 2017",TOR @ UTA,W,18,2,3,0.667,1,2,0.5,1,2,0.5,0,3,3,2,0,0,0,1,6,5,1
22017,1628384,0021700114,"NOV 01, 2017",TOR @ DEN,L,17,2,5,0.4,2,3,0.667,0,0,0.0,0,1,1,2,2,0,0,2,6,4,2
22017,1628384,0021700099,"OCT 30, 2017",TOR @ POR,W,22,2,8,0.25,0,5,0.0,0,0,0.0,2,1,3,0,2,0,0,1,4,5,2
22017,1628384,0021700076,"OCT 27, 2017",TOR @ LAL,W,19,2,8,0.25,1,3,0.333,2,3,0.667,0,1,1,1,1,0,0,1,7,-3,1
22017,1628384,0021700063,"OCT 25, 2017",TOR @ GSW,L,18,3,6,0.5,2,4,0.5,0,0,0.0,4,0,4,2,0,0,1,0,8,8,1
22017,1628384,0021700046,"OCT 23, 2017",TOR @ SAS,L,15,2,5,0.4,0,2,0.0,0,0,0.0,0,1,1,1,0,0,0,4,4,3,1
22017,1628384,0021700027,"OCT 21, 2017",TOR vs. PHI,W,15,1,3,0.333,1,2,0.5,0,0,0.0,0,3,3,2,1,0,0,3,3,4,1
22017,1628384,0021700014,"OCT 19, 2017",TOR vs. CHI,W,17,3,6,0.5,1,3,0.333,2,2,1.0,2,1,3,2,0,0,0,1,9,26,1
22018,1628384,0021801214,"APR 09, 2019",TOR @ MIN,W,18,4,6,0.667,1,2,0.5,0,0,0.0,1,4,5,2,0,0,2,2,9,24,1
22018,1628384,0021801195,"APR 07, 2019",TOR vs. MIA,W,17,0,4,0.0,0,2,0.0,0,0,0.0,1,1,2,1,1,0,2,1,0,-22,1
22018,1628384,0021801180,"APR 05, 2019",TOR @ CHA,L,16,1,4,0.25,0,3,0.0,2,2,1.0,0,0,0,0,1,0,0,0,4,-4,1
22018,1628384,0021801110,"MAR 26, 2019",TOR vs. CHI,W,25,3,4,0.75,0,1,0.0,4,4,1.0,0,1,1,1,1,2,0,3,10,4,1
22018,1628384,0021801098,"MAR 24, 2019",TOR vs. CHA,L,15,1,3,0.333,1,3,0.333,0,0,0.0,1,1,2,2,0,0,2,2,3,-7,1
22018,1628384,0021801083,"MAR 22, 2019",TOR vs. OKC,L,17,1,4,0.25,0,1,0.0,0,0,0.0,1,0,1,0,1,1,1,2,2,-6,1
22018,1628384,0021801072,"MAR 20, 2019",TOR @ OKC,W,14,2,3,0.667,1,2,0.5,1,2,0.5,0,3,3,1,1,1,1,2,6,8,1
22018,1628384,0021801053,"MAR 18, 2019",TOR vs. NYK,W,18,6,12,0.5,1,6,0.167,1,1,1.0,1,2,3,1,0,2,0,2,14,6,1
22018,1628384,0021801044,"MAR 17, 2019",TOR @ DET,L,19,3,7,0.429,1,2,0.5,1,1,1.0,1,2,3,0,0,0,3,2,8,-5,2
22018,1628384,0021801023,"MAR 14, 2019",TOR vs. LAL,W,24,3,6,0.5,1,3,0.333,0,0,0.0,2,2,4,0,2,0,1,2,7,0,1
22018,1628384,0021801001,"MAR 11, 2019",TOR @ CLE,L,26,3,6,0.5,1,3,0.333,1,2,0.5,3,1,4,1,1,1,2,3,8,-11,1
22018,1628384,0021800993,"MAR 10, 2019",TOR @ MIA,W,24,3,5,0.6,0,1,0.0,5,6,0.833,2,1,3,1,2,1,3,4,11,3,1
22018,1628384,0021800983,"MAR 08, 2019",TOR @ NOP,W,23,3,4,0.75,1,2,0.5,0,0,0.0,1,2,3,3,3,0,2,2,7,13,1
22018,1628384,0021800961,"MAR 05, 2019",TOR vs. HOU,L,14,1,2,0.5,1,2,0.5,0,0,0.0,0,1,1,0,0,0,0,0,3,-30,1
22018,1628384,0021800949,"MAR 03, 2019",TOR @ DET,L,35,5,10,0.5,1,4,0.25,2,2,1.0,5,1,6,0,0,1,0,3,13,-2,1
22018,1628384,0021800930,"MAR 01, 2019",TOR vs. POR,W,14,1,2,0.5,0,1,0.0,0,0,0.0,0,0,0,0,0,1,0,1,2,-14,1
22018,1628384,0021800909,"FEB 26, 2019",TOR vs. BOS,W,20,2,5,0.4,1,3,0.333,0,0,0.0,0,1,1,1,0,1,1,1,5,8,1
22018,1628384,0021800894,"FEB 24, 2019",TOR vs. ORL,L,24,2,6,0.333,1,2,0.5,0,0,0.0,1,5,6,0,1,0,1,1,5,-13,1
22018,1628384,0021800876,"FEB 22, 2019",TOR vs. SAS,W,16,3,4,0.75,3,3,1.0,0,0,0.0,1,1,2,0,0,0,0,1,9,4,1
22018,1628384,0021800857,"FEB 13, 2019",TOR vs. WAS,W,36,9,14,0.643,4,8,0.5,0,0,0.0,0,5,5,0,1,0,0,5,22,18,1
22018,1628384,0021800842,"FEB 11, 2019",TOR vs. BKN,W,18,3,5,0.6,0,1,0.0,0,0,0.0,1,1,2,1,2,0,1,2,6,0,1
22018,1628384,0021800828,"FEB 09, 2019",TOR @ NYK,W,16,0,2,0.0,0,1,0.0,2,2,1.0,0,3,3,0,0,0,1,1,2,0,1
22018,1628384,0021800813,"FEB 07, 2019",TOR @ ATL,W,26,2,5,0.4,2,4,0.5,0,0,0.0,2,6,8,1,1,0,2,4,6,24,1
22018,1628384,0021800800,"FEB 05, 2019",TOR @ PHI,W,14,1,5,0.2,0,1,0.0,0,0,0.0,2,2,4,2,0,0,1,3,2,7,1
22018,1628384,0021800789,"FEB 03, 2019",TOR vs. LAC,W,24,1,3,0.333,0,2,0.0,2,2,1.0,0,3,3,0,2,1,2,5,4,4,1
22018,1628384,0021800766,"JAN 31, 2019",TOR vs. MIL,L,7,0,2,0.0,0,2,0.0,0,0,0.0,0,1,1,1,0,0,0,1,0,-7,1
22018,1628384,0021800739,"JAN 27, 2019",TOR @ DAL,W,11,2,4,0.5,1,3,0.333,0,0,0.0,1,1,2,0,0,0,0,2,5,6,1
22018,1628384,0021800724,"JAN 25, 2019",TOR @ HOU,L,11,1,3,0.333,0,1,0.0,0,1,0.0,0,1,1,0,0,0,0,2,2,-6,1
22018,1628384,0021800639,"JAN 13, 2019",TOR @ WAS,W,21,2,6,0.333,0,2,0.0,3,3,1.0,1,3,4,0,2,0,1,3,7,-5,1
22018,1628384,0021800624,"JAN 11, 2019",TOR vs. BKN,W,22,5,6,0.833,2,3,0.667,1,4,0.25,0,3,3,1,0,0,0,0,13,4,1
22018,1628384,0021800602,"JAN 08, 2019",TOR vs. ATL,W,28,5,6,0.833,2,2,1.0,2,2,1.0,1,1,2,1,2,0,1,3,14,6,1
22018,1628384,0021800589,"JAN 06, 2019",TOR vs. IND,W,24,2,7,0.286,1,4,0.25,0,0,0.0,2,3,5,1,1,1,1,0,5,14,1
22018,1628384,0021800580,"JAN 05, 2019",TOR @ MIL,W,17,1,6,0.167,1,5,0.2,0,0,0.0,0,2,2,0,0,0,1,4,3,-19,1
22018,1628384,0021800563,"JAN 03, 2019",TOR @ SAS,L,18,0,3,0.0,0,1,0.0,0,0,0.0,0,2,2,1,0,0,1,0,0,0,1
22018,1628384,0021800549,"JAN 01, 2019",TOR vs. UTA,W,18,1,2,0.5,0,0,0.0,0,0,0.0,0,2,2,3,1,0,0,1,2,-11,1
22018,1628384,0021800538,"DEC 30, 2018",TOR vs. CHI,W,21,2,6,0.333,1,3,0.333,0,0,0.0,2,1,3,2,0,0,0,0,5,4,1
22018,1628384,0021800519,"DEC 28, 2018",TOR @ ORL,L,23,2,4,0.5,2,2,1.0,2,4,0.5,1,1,2,1,0,0,0,2,8,-11,1
22018,1628384,0021800506,"DEC 26, 2018",TOR @ MIA,W,25,2,5,0.4,1,3,0.333,0,0,0.0,3,5,8,2,2,0,1,1,5,6,1
22018,1628384,0021800481,"DEC 22, 2018",TOR @ PHI,L,26,2,4,0.5,1,2,0.5,0,0,0.0,0,5,5,1,0,0,2,5,5,-2,1
22018,1628384,0021800470,"DEC 21, 2018",TOR vs. CLE,W,22,9,14,0.643,3,7,0.429,0,0,0.0,2,6,8,0,0,1,1,5,21,2,1
22018,1628384,0021800459,"DEC 19, 2018",TOR vs. IND,W,20,3,7,0.429,2,2,1.0,0,0,0.0,1,1,2,1,2,1,0,1,8,1,1
22018,1628384,0021800442,"DEC 16, 2018",TOR @ DEN,L,26,2,10,0.2,2,8,0.25,1,4,0.25,2,3,5,1,1,2,1,2,7,-18,1
22018,1628384,0021800427,"DEC 14, 2018",TOR @ POR,L,19,2,3,0.667,1,2,0.5,0,0,0.0,0,1,1,1,2,0,0,2,5,-15,1
22018,1628384,0021800415,"DEC 12, 2018",TOR @ GSW,W,19,2,6,0.333,0,1,0.0,0,2,0.0,0,3,3,0,0,0,1,3,4,6,1
22018,1628384,0021800404,"DEC 11, 2018",TOR @ LAC,W,21,5,9,0.556,2,3,0.667,0,1,0.0,0,2,2,0,1,0,0,2,12,-5,1
22018,1628384,0021800388,"DEC 09, 2018",TOR vs. MIL,L,12,1,5,0.2,0,3,0.0,0,0,0.0,0,2,2,0,0,0,0,1,2,-16,1
22018,1628384,0021800371,"DEC 07, 2018",TOR @ BKN,L,17,1,5,0.2,1,4,0.25,0,0,0.0,0,4,4,0,0,0,1,0,3,-1,1
22018,1628384,0021800359,"DEC 05, 2018",TOR vs. PHI,W,18,2,8,0.25,0,3,0.0,0,0,0.0,4,1,5,2,1,0,1,2,4,8,1
22018,1628384,0021800347,"DEC 03, 2018",TOR vs. DEN,L,12,2,5,0.4,2,3,0.667,0,0,0.0,0,1,1,0,0,0,1,3,6,-1,1
22018,1628384,0021800332,"DEC 01, 2018",TOR @ CLE,W,22,3,5,0.6,0,1,0.0,2,4,0.5,1,5,6,1,0,0,0,1,8,-15,1
22018,1628384,0021800316,"NOV 29, 2018",TOR vs. GSW,W,16,2,7,0.286,1,6,0.167,0,0,0.0,1,2,3,0,0,0,3,0,5,-9,1
22018,1628384,0021800303,"NOV 27, 2018",TOR @ MEM,W,17,2,5,0.4,1,3,0.333,0,1,0.0,0,1,1,0,0,0,1,1,5,-2,1
22018,1628384,0021800290,"NOV 25, 2018",TOR vs. MIA,W,16,2,4,0.5,0,2,0.0,0,2,0.0,0,3,3,1,0,1,0,4,4,-15,1
22018,1628384,0021800271,"NOV 23, 2018",TOR vs. WAS,W,19,6,11,0.545,3,5,0.6,0,0,0.0,0,0,0,1,0,0,0,2,15,12,1
22018,1628384,0021800216,"NOV 16, 2018",TOR @ BOS,L,9,2,3,0.667,1,2,0.5,0,0,0.0,0,0,0,0,0,0,2,1,5,-15,1
22018,1628384,0021800206,"NOV 14, 2018",TOR vs. DET,L,24,3,12,0.25,1,6,0.167,0,2,0.0,2,1,3,2,2,1,0,3,7,1,1
22018,1628384,0021800192,"NOV 12, 2018",TOR vs. NOP,L,24,6,13,0.462,2,8,0.25,3,5,0.6,0,2,2,0,3,0,1,2,17,-9,1
22018,1628384,0021800174,"NOV 10, 2018",TOR vs. NYK,W,25,7,10,0.7,1,4,0.25,1,2,0.5,1,1,2,0,0,1,1,2,16,8,1
22018,1628384,0021800161,"NOV 07, 2018",TOR @ SAC,W,24,5,9,0.556,1,3,0.333,0,0,0.0,3,4,7,0,1,0,0,3,11,13,1
22018,1628384,0021800146,"NOV 05, 2018",TOR @ UTA,W,25,7,13,0.538,3,5,0.6,0,1,0.0,0,1,1,0,2,0,1,4,17,7,1
22018,1628384,0021800139,"NOV 04, 2018",TOR @ LAL,W,24,3,9,0.333,1,5,0.2,0,0,0.0,0,1,1,2,0,0,0,2,7,19,1
22018,1628384,0021800123,"NOV 02, 2018",TOR @ PHX,W,21,1,3,0.333,0,2,0.0,0,0,0.0,0,1,1,0,0,0,0,3,2,2,1
22018,1628384,0021800055,"OCT 24, 2018",TOR vs. MIN,W,28,2,7,0.286,2,6,0.333,0,0,0.0,0,5,5,1,1,1,0,3,6,0,1
22018,1628384,0021800041,"OCT 22, 2018",TOR vs. CHA,W,25,2,7,0.286,1,4,0.25,0,0,0.0,1,3,4,1,0,1,1,0,5,8,1
22018,1628384,0021800027,"OCT 20, 2018",TOR @ WAS,W,29,5,10,0.5,2,4,0.5,0,0,0.0,1,3,4,1,1,0,1,5,12,-1,1
22018,1628384,0021800019,"OCT 19, 2018",TOR vs. BOS,W,21,4,6,0.667,1,3,0.333,0,0,0.0,2,2,4,0,0,0,1,4,9,-1,1
22018,1628384,0021800008,"OCT 17, 2018",TOR vs. CLE,W,18,2,3,0.667,0,1,0.0,0,0,0.0,0,0,0,0,1,0,1,1,4,-2,1
22019,1628384,0021901294,"AUG 10, 2020",TOR @ MIL,W,25,2,6,0.333,0,2,0.0,3,4,0.75,2,2,4,5,1,0,2,4,7,5,1
22019,1628384,0021901286,"AUG 09, 2020",TOR vs. MEM,W,28,2,8,0.25,2,5,0.4,0,0,0.0,1,4,5,0,3,1,1,2,6,10,1
22019,1628384,0021901279,"AUG 07, 2020",TOR vs. BOS,L,18,1,4,0.25,1,2,0.5,0,0,0.0,1,1,2,1,1,0,0,0,3,-15,1
22019,1628384,0021901266,"AUG 05, 2020",TOR @ ORL,W,32,5,7,0.714,0,0,0.0,2,2,1.0,0,5,5,1,0,1,1,1,12,17,1
22019,1628384,0021901250,"AUG 03, 2020",TOR @ MIA,W,33,1,5,0.2,1,1,1.0,4,6,0.667,1,2,3,1,1,1,0,1,7,0,1
22019,1628384,0021901243,"AUG 01, 2020",TOR vs. LAL,W,33,8,9,0.889,3,3,1.0,4,4,1.0,1,3,4,1,2,0,0,4,23,27,1
22019,1628384,0021900959,"MAR 09, 2020",TOR @ UTA,W,33,3,6,0.5,1,3,0.333,0,0,0.0,2,3,5,1,1,1,1,2,7,5,1
22019,1628384,0021900956,"MAR 08, 2020",TOR @ SAC,W,39,4,7,0.571,2,3,0.667,2,4,0.5,0,2,2,0,1,0,2,4,12,10,1
22019,1628384,0021900929,"MAR 05, 2020",TOR @ GSW,W,38,5,7,0.714,3,4,0.75,1,2,0.5,2,2,4,0,3,0,0,2,14,11,1
22019,1628384,0021900914,"MAR 03, 2020",TOR @ PHX,W,37,5,12,0.417,1,3,0.333,0,0,0.0,1,8,9,2,2,1,1,6,11,13,1
22019,1628384,0021900898,"MAR 01, 2020",TOR @ DEN,L,40,12,16,0.75,3,6,0.5,5,5,1.0,2,5,7,3,7,0,0,5,32,-11,1
22019,1628384,0021900879,"FEB 28, 2020",TOR vs. CHA,L,40,5,12,0.417,2,6,0.333,4,5,0.8,4,5,9,3,6,0,0,2,16,0,1
22019,1628384,0021900858,"FEB 25, 2020",TOR vs. MIL,L,30,4,8,0.5,2,3,0.667,1,1,1.0,2,3,5,4,2,0,0,2,11,-20,1
22019,1628384,0021900843,"FEB 23, 2020",TOR vs. IND,W,28,3,7,0.429,0,2,0.0,1,2,0.5,0,4,4,2,1,1,2,3,7,21,1
22019,1628384,0021900829,"FEB 21, 2020",TOR vs. PHX,W,39,5,9,0.556,0,2,0.0,2,2,1.0,1,4,5,1,1,4,4,1,12,19,1
22019,1628384,0021900809,"FEB 12, 2020",TOR @ BKN,L,32,2,5,0.4,0,2,0.0,0,0,0.0,0,3,3,0,1,1,2,3,4,-10,1
22019,1628384,0021900796,"FEB 10, 2020",TOR vs. MIN,W,36,10,13,0.769,3,4,0.75,2,2,1.0,5,7,12,3,3,1,1,0,25,10,1
22019,1628384,0021900781,"FEB 08, 2020",TOR vs. BKN,W,29,2,4,0.5,0,1,0.0,1,2,0.5,0,4,4,1,2,0,0,1,5,-5,1
22019,1628384,0021900772,"FEB 07, 2020",TOR @ IND,W,28,5,8,0.625,3,5,0.6,3,4,0.75,1,2,3,0,5,0,1,6,16,9,1
22019,1628384,0021900758,"FEB 05, 2020",TOR vs. IND,W,28,0,1,0.0,0,1,0.0,0,0,0.0,1,2,3,0,1,0,1,1,0,-2,1
22019,1628384,0021900740,"FEB 02, 2020",TOR vs. CHI,W,21,2,3,0.667,0,0,0.0,0,0,0.0,2,5,7,0,1,0,2,0,4,6,1
22019,1628384,0021900720,"JAN 31, 2020",TOR @ DET,W,24,3,6,0.5,0,2,0.0,0,0,0.0,1,1,2,1,0,0,0,2,6,1,1
22019,1628384,0021900714,"JAN 30, 2020",TOR @ CLE,W,31,4,9,0.444,1,1,1.0,0,2,0.0,0,3,3,1,0,0,2,2,9,-3,1
22019,1628384,0021900703,"JAN 28, 2020",TOR vs. ATL,W,27,1,3,0.333,0,2,0.0,2,2,1.0,1,5,6,3,1,3,0,4,4,14,1
22019,1628384,0021900686,"JAN 26, 2020",TOR @ SAS,W,24,4,8,0.5,2,5,0.4,0,0,0.0,2,3,5,3,1,1,0,2,10,5,1
22019,1628384,0021900672,"JAN 24, 2020",TOR @ NYK,W,26,3,7,0.429,1,2,0.5,0,0,0.0,0,2,2,0,1,1,1,1,7,-5,1
22019,1628384,0021900660,"JAN 22, 2020",TOR vs. PHI,W,21,0,3,0.0,0,1,0.0,0,0,0.0,1,1,2,2,1,1,1,2,0,-13,1
22019,1628384,0021900640,"JAN 20, 2020",TOR @ ATL,W,21,2,6,0.333,0,2,0.0,0,0,0.0,3,1,4,1,0,0,1,2,4,1,1
22019,1628384,0021900632,"JAN 18, 2020",TOR @ MIN,W,24,0,4,0.0,0,2,0.0,2,2,1.0,2,1,3,0,0,0,1,2,2,3,1
22019,1628384,0021900621,"JAN 17, 2020",TOR vs. WAS,W,26,8,13,0.615,2,6,0.333,0,0,0.0,1,5,6,2,4,0,4,2,18,8,1
22019,1628384,0021900609,"JAN 15, 2020",TOR @ OKC,W,39,8,13,0.615,3,6,0.5,2,2,1.0,0,5,5,5,3,0,1,2,21,3,1
22019,1628384,0021900587,"JAN 12, 2020",TOR vs. SAS,L,29,3,5,0.6,1,1,1.0,1,1,1.0,1,2,3,2,1,0,0,2,8,10,1
22019,1628384,0021900555,"JAN 08, 2020",TOR @ CHA,W,36,8,13,0.615,3,4,0.75,0,0,0.0,1,6,7,1,1,0,0,4,19,13,1
22019,1628384,0021900549,"JAN 07, 2020",TOR vs. POR,L,30,3,9,0.333,2,4,0.5,0,0,0.0,2,4,6,0,0,1,1,2,8,-9,1
22019,1628384,0021900524,"JAN 04, 2020",TOR @ BKN,W,29,3,6,0.5,1,2,0.5,0,0,0.0,1,2,3,1,0,0,0,3,7,8,1
22019,1628384,0021900510,"JAN 02, 2020",TOR @ MIA,L,37,5,12,0.417,2,5,0.4,0,0,0.0,1,11,12,3,2,0,2,2,12,-1,1
22019,1628384,0021900500,"DEC 31, 2019",TOR vs. CLE,W,30,5,8,0.625,2,3,0.667,0,0,0.0,1,6,7,4,1,0,1,2,12,13,1
22019,1628384,0021900486,"DEC 29, 2019",TOR vs. OKC,L,26,3,12,0.25,0,7,0.0,0,0,0.0,2,3,5,1,1,0,0,1,6,0,1
22019,1628384,0021900473,"DEC 28, 2019",TOR @ BOS,W,15,3,4,0.75,1,2,0.5,0,0,0.0,0,4,4,0,0,0,5,6,7,9,1
22019,1628384,0021900455,"DEC 25, 2019",TOR vs. BOS,L,25,2,6,0.333,0,2,0.0,1,2,0.5,0,1,1,0,0,2,2,2,5,-4,1
22019,1628384,0021900446,"DEC 23, 2019",TOR @ IND,L,43,6,13,0.462,1,6,0.167,2,4,0.5,2,10,12,0,2,1,0,2,15,-6,1
22019,1628384,0021900439,"DEC 22, 2019",TOR vs. DAL,W,29,3,8,0.375,0,2,0.0,0,0,0.0,1,5,6,2,0,0,3,3,6,-27,1
22019,1628384,0021900423,"DEC 20, 2019",TOR vs. WAS,W,33,6,11,0.545,2,5,0.4,4,6,0.667,2,5,7,2,0,0,2,4,18,10,1
22019,1628384,0021900408,"DEC 18, 2019",TOR @ DET,W,35,7,12,0.583,2,5,0.4,3,3,1.0,0,8,8,3,0,1,2,4,19,9,1
22019,1628384,0021900395,"DEC 16, 2019",TOR vs. CLE,W,28,6,9,0.667,0,2,0.0,0,0,0.0,2,7,9,1,1,0,0,2,12,9,1
22019,1628384,0021900381,"DEC 14, 2019",TOR vs. BKN,W,21,2,7,0.286,1,3,0.333,0,0,0.0,0,1,1,1,0,0,2,3,5,10,1
22019,1628384,0021900359,"DEC 11, 2019",TOR vs. LAC,L,35,4,14,0.286,1,7,0.143,4,4,1.0,2,5,7,0,1,2,2,3,13,-24,1
22019,1628384,0021900345,"DEC 09, 2019",TOR @ CHI,W,37,4,9,0.444,0,2,0.0,2,3,0.667,1,4,5,2,2,2,2,0,10,9,1
22019,1628384,0021900338,"DEC 08, 2019",TOR @ PHI,L,35,8,14,0.571,2,4,0.5,1,1,1.0,3,7,10,2,4,1,0,2,19,2,1
22019,1628384,0021900318,"DEC 05, 2019",TOR vs. HOU,L,24,4,11,0.364,1,7,0.143,0,0,0.0,1,3,4,4,1,0,0,2,9,6,1
22019,1628384,0021900301,"DEC 03, 2019",TOR vs. MIA,L,21,3,5,0.6,0,2,0.0,0,0,0.0,0,3,3,2,0,1,0,3,6,-3,1
22019,1628384,0021900291,"DEC 01, 2019",TOR vs. UTA,W,30,3,5,0.6,0,1,0.0,4,7,0.571,0,5,5,2,4,1,2,3,10,19,1
22019,1628384,0021900269,"NOV 29, 2019",TOR @ ORL,W,35,1,5,0.2,0,3,0.0,0,2,0.0,1,6,7,4,3,0,2,5,2,-1,1
22019,1628384,0021900258,"NOV 27, 2019",TOR vs. NYK,W,33,5,11,0.455,3,5,0.6,0,0,0.0,3,9,12,1,2,0,3,1,13,29,1
22019,1628384,0021900246,"NOV 25, 2019",TOR vs. PHI,W,35,5,10,0.5,2,5,0.4,0,2,0.0,0,3,3,2,1,1,2,2,12,2,1
22019,1628384,0021900228,"NOV 23, 2019",TOR @ ATL,W,26,3,10,0.3,0,2,0.0,1,2,0.5,1,3,4,1,0,0,0,0,7,2,1
22019,1628384,0021900207,"NOV 20, 2019",TOR vs. ORL,W,23,3,6,0.5,1,3,0.333,2,2,1.0,0,4,4,0,0,1,1,3,9,1,1
22019,1628384,0021900191,"NOV 18, 2019",TOR vs. CHA,W,27,10,13,0.769,4,7,0.571,0,0,0.0,0,5,5,2,1,0,3,4,24,25,1
22019,1628384,0021900180,"NOV 16, 2019",TOR @ DAL,L,32,3,6,0.5,2,4,0.5,0,0,0.0,0,5,5,0,0,0,0,2,8,-12,1
22019,1628384,0021900145,"NOV 11, 2019",TOR @ LAC,L,2,0,0,0.0,0,0,0.0,0,0,0.0,0,0,0,1,0,0,1,0,0,-4,1
22019,1628384,0021900139,"NOV 10, 2019",TOR @ LAL,W,26,2,6,0.333,1,3,0.333,2,2,1.0,0,3,3,0,1,0,1,3,7,-4,1
22019,1628384,0021900121,"NOV 08, 2019",TOR @ NOP,W,30,7,13,0.538,5,7,0.714,2,2,1.0,2,5,7,4,1,1,1,2,21,12,1
22019,1628384,0021900106,"NOV 06, 2019",TOR vs. SAC,W,37,7,10,0.7,3,4,0.75,1,3,0.333,0,6,6,5,0,3,0,3,18,7,1
22019,1628384,0021900082,"NOV 02, 2019",TOR @ MIL,L,31,3,5,0.6,2,4,0.5,1,2,0.5,2,1,3,4,2,0,1,1,9,-11,1
22019,1628384,0021900060,"OCT 30, 2019",TOR vs. DET,W,37,6,10,0.6,1,2,0.5,0,0,0.0,2,6,8,0,2,0,2,3,13,19,1
22019,1628384,0021900044,"OCT 28, 2019",TOR vs. ORL,W,38,5,11,0.455,2,4,0.5,0,0,0.0,0,8,8,2,5,2,0,2,12,8,1
22019,1628384,0021900031,"OCT 26, 2019",TOR @ CHI,W,26,7,11,0.636,3,6,0.5,0,0,0.0,2,4,6,2,1,4,1,1,17,25,1
22019,1628384,0021900017,"OCT 25, 2019",TOR @ BOS,L,38,4,5,0.8,1,2,0.5,0,0,0.0,1,7,8,0,0,1,2,6,9,-4,1
22019,1628384,0021900001,"OCT 22, 2019",TOR vs. NOP,W,36,5,12,0.417,1,4,0.25,0,1,0.0,3,4,7,0,0,2,1,3,11,12,1
22020,1628384,0022000965,"MAY 01, 2021",TOR @ UTA,L,41,7,17,0.412,3,9,0.333,0,0,0.0,0,5,5,4,1,2,1,0,17,-6,1
22020,1628384,0022000948,"APR 29, 2021",TOR @ DEN,L,34,8,21,0.381,4,8,0.5,5,5,1.0,1,2,3,3,1,1,2,2,25,-2,1
22020,1628384,0022000930,"APR 27, 2021",TOR vs. BKN,L,32,9,15,0.6,3,5,0.6,0,1,0.0,0,6,6,6,2,0,2,3,21,-2,1
22020,1628384,0022000921,"APR 26, 2021",TOR vs. CLE,W,32,9,15,0.6,0,5,0.0,2,2,1.0,1,4,5,2,1,1,0,1,20,18,1
22020,1628384,0022000904,"APR 24, 2021",TOR @ NYK,L,39,9,16,0.563,6,11,0.545,3,4,0.75,0,5,5,3,2,0,1,4,27,-3,1
22020,1628384,0022000884,"APR 21, 2021",TOR vs. BKN,W,35,8,14,0.571,4,9,0.444,5,5,1.0,0,3,3,1,0,2,4,3,25,16,1
22020,1628384,0022000831,"APR 14, 2021",TOR vs. SAS,W,34,7,15,0.467,4,7,0.571,4,4,1.0,1,3,4,3,2,0,2,1,22,3,1
22020,1628384,0022000824,"APR 13, 2021",TOR vs. ATL,L,36,7,12,0.583,1,5,0.2,0,0,0.0,1,5,6,0,1,0,3,5,15,-4,1
22020,1628384,0022000794,"APR 10, 2021",TOR @ CLE,W,30,5,11,0.455,3,6,0.5,2,2,1.0,0,5,5,3,0,0,1,4,15,22,1
22020,1628384,0022000523,"APR 08, 2021",TOR vs. CHI,L,41,5,17,0.294,2,8,0.25,1,2,0.5,3,1,4,6,3,0,2,4,13,-12,1
22020,1628384,0022000772,"APR 06, 2021",TOR vs. LAL,L,10,1,3,0.333,0,2,0.0,0,0,0.0,0,0,0,3,0,0,1,0,2,-13,1
22020,1628384,0022000763,"APR 05, 2021",TOR vs. WAS,W,38,6,17,0.353,1,6,0.167,1,2,0.5,0,6,6,2,0,1,2,2,14,4,1
22020,1628384,0022000737,"APR 02, 2021",TOR vs. GSW,W,26,8,12,0.667,2,4,0.5,3,4,0.75,1,2,3,2,2,1,0,0,21,43,1
22020,1628384,0022000727,"MAR 31, 2021",TOR @ OKC,L,36,7,18,0.389,4,11,0.364,2,2,1.0,3,8,11,3,3,1,2,3,20,-3,1
22020,1628384,0022000711,"MAR 29, 2021",TOR @ DET,L,31,6,12,0.5,3,8,0.375,4,4,1.0,0,5,5,3,0,3,1,3,19,-19,1
22020,1628384,0022000704,"MAR 28, 2021",TOR vs. POR,L,38,7,15,0.467,3,7,0.429,2,4,0.5,4,6,10,3,1,0,7,2,19,-7,1
22020,1628384,0022000684,"MAR 26, 2021",TOR vs. PHX,L,38,5,12,0.417,2,6,0.333,3,4,0.75,3,4,7,3,2,0,1,3,15,3,1
22020,1628384,0022000668,"MAR 24, 2021",TOR vs. DEN,W,28,8,16,0.5,5,9,0.556,2,2,1.0,2,4,6,3,1,1,1,2,23,20,1
22020,1628384,0022000648,"MAR 21, 2021",TOR @ CLE,L,31,7,15,0.467,2,6,0.333,1,2,0.5,1,5,6,2,3,1,4,2,17,-6,1
22020,1628384,0022000634,"MAR 19, 2021",TOR vs. UTA,L,34,6,8,0.75,3,5,0.6,0,0,0.0,0,5,5,1,4,1,0,6,15,3,1
22020,1628384,0022000506,"FEB 26, 2021",TOR vs. HOU,W,28,5,8,0.625,1,3,0.333,0,0,0.0,0,3,3,5,0,1,3,4,11,12,1
22020,1628384,0022000492,"FEB 24, 2021",TOR @ MIA,L,36,6,13,0.462,2,5,0.4,0,0,0.0,1,5,6,2,0,2,1,3,14,-7,1
22020,1628384,0022000484,"FEB 23, 2021",TOR vs. PHI,L,29,4,13,0.308,2,7,0.286,0,0,0.0,2,2,4,1,1,2,0,2,10,3,1
22020,1628384,0022000468,"FEB 21, 2021",TOR vs. PHI,W,30,4,6,0.667,0,1,0.0,2,3,0.667,1,5,6,1,0,1,3,1,10,-13,1
22020,1628384,0022000445,"FEB 18, 2021",TOR @ MIL,W,27,4,12,0.333,0,6,0.0,2,2,1.0,0,7,7,1,0,1,0,1,10,2,1
22020,1628384,0022000430,"FEB 16, 2021",TOR @ MIL,W,27,5,9,0.556,2,5,0.4,1,1,1.0,2,5,7,1,1,1,1,4,13,18,1
22020,1628384,0022000258,"JAN 25, 2021",TOR @ IND,L,28,4,8,0.5,2,3,0.667,0,0,0.0,1,4,5,2,0,0,1,4,10,-5,1
22020,1628384,0022000249,"JAN 24, 2021",TOR @ IND,W,40,9,16,0.563,4,6,0.667,8,10,0.8,3,5,8,1,5,1,4,5,30,14,1
22020,1628384,0022000234,"JAN 22, 2021",TOR vs. MIA,W,35,8,12,0.667,5,6,0.833,0,0,0.0,0,4,4,1,2,0,2,3,21,22,1
22020,1628384,0022000220,"JAN 20, 2021",TOR vs. MIA,L,40,6,12,0.5,4,8,0.5,2,2,1.0,4,3,7,3,1,0,2,2,18,4,1
22020,1628384,0022000210,"JAN 18, 2021",TOR vs. DAL,W,33,5,12,0.417,3,5,0.6,0,0,0.0,3,8,11,0,2,1,1,1,13,11,1
22020,1628384,0022000191,"JAN 16, 2021",TOR vs. CHA,W,36,7,13,0.538,4,8,0.5,0,0,0.0,1,4,5,1,4,0,2,1,18,-10,1
22020,1628384,0022000175,"JAN 14, 2021",TOR vs. CHA,W,33,4,9,0.444,2,4,0.5,3,4,0.75,3,2,5,2,3,1,2,2,13,-5,1
22020,1628384,0022000155,"JAN 11, 2021",TOR @ POR,L,36,6,9,0.667,4,6,0.667,2,2,1.0,0,4,4,3,1,1,2,4,18,-4,1
22020,1628384,0022000148,"JAN 10, 2021",TOR @ GSW,L,37,4,12,0.333,2,6,0.333,0,0,0.0,2,4,6,1,2,1,1,0,10,0,1
22020,1628384,0022000132,"JAN 08, 2021",TOR @ SAC,W,29,2,8,0.25,0,4,0.0,4,6,0.667,0,2,2,2,2,0,3,5,8,17,1
22020,1628384,0022000115,"JAN 06, 2021",TOR @ PHX,L,38,8,10,0.8,3,5,0.6,1,2,0.5,2,6,8,0,1,0,1,2,20,0,1
22020,1628384,0022000097,"JAN 04, 2021",TOR vs. BOS,L,30,3,8,0.375,1,4,0.25,3,5,0.6,0,0,0,1,1,0,1,4,10,-12,1
22020,1628384,0022000084,"JAN 02, 2021",TOR @ NOP,L,36,5,11,0.455,2,8,0.25,5,6,0.833,1,6,7,3,0,0,2,4,17,2,1
22020,1628384,0022000066,"DEC 31, 2020",TOR vs. NYK,W,35,1,10,0.1,0,7,0.0,3,4,0.75,2,5,7,2,1,0,1,3,5,22,1
22020,1628384,0022000049,"DEC 29, 2020",TOR @ PHI,L,36,7,11,0.636,4,7,0.571,2,2,1.0,2,4,6,2,5,1,1,3,20,5,1
22020,1628384,0022000027,"DEC 26, 2020",TOR @ SAS,L,36,3,6,0.5,2,5,0.4,2,4,0.5,1,5,6,1,2,1,0,2,10,2,1
22020,1628384,0022000014,"DEC 23, 2020",TOR vs. NOP,L,36,4,10,0.4,0,5,0.0,0,0,0.0,2,6,8,2,3,2,4,4,8,-14,1
22021,1628384,0022101226,"APR 10, 2022",TOR @ NYK,L,25,3,9,0.333,0,5,0.0,2,2,1.0,2,7,9,3,1,0,3,0,8,-11,1
22021,1628384,0022101151,"APR 01, 2022",TOR @ ORL,W,35,4,8,0.5,2,5,0.4,4,5,0.8,1,5,6,2,2,0,1,2,14,17,1
22021,1628384,0022101141,"MAR 30, 2022",TOR vs. MIN,W,32,9,13,0.692,4,4,1.0,0,0,0.0,1,4,5,3,0,0,2,3,22,29,1
22021,1628384,0022101127,"MAR 28, 2022",TOR vs. BOS,W,40,6,12,0.5,2,5,0.4,0,0,0.0,4,4,8,3,1,0,0,2,14,9,1
22021,1628384,0022101109,"MAR 26, 2022",TOR vs. IND,W,28,6,9,0.667,3,5,0.6,1,2,0.5,0,3,3,1,2,0,0,0,16,18,1
22021,1628384,0022101095,"MAR 24, 2022",TOR vs. CLE,W,26,4,11,0.364,4,8,0.5,2,2,1.0,0,2,2,3,0,1,0,0,14,5,1
22021,1628384,0022100880,"FEB 16, 2022",TOR @ MIN,W,30,4,11,0.364,0,4,0.0,2,2,1.0,0,1,1,1,0,0,3,4,10,1,1
22021,1628384,0022100863,"FEB 14, 2022",TOR @ NOP,L,25,1,5,0.2,1,3,0.333,0,0,0.0,0,2,2,2,1,1,0,1,3,-23,1
22021,1628384,0022100850,"FEB 12, 2022",TOR vs. DEN,L,37,4,16,0.25,1,5,0.2,0,0,0.0,3,2,5,4,1,0,0,3,9,-3,1
22021,1628384,0022100834,"FEB 10, 2022",TOR @ HOU,W,35,5,13,0.385,3,8,0.375,0,0,0.0,2,2,4,2,1,0,2,3,13,7,1
22021,1628384,0022100827,"FEB 09, 2022",TOR @ OKC,W,37,6,12,0.5,3,7,0.429,0,0,0.0,1,9,10,2,0,1,4,3,15,14,1
22021,1628384,0022100810,"FEB 07, 2022",TOR @ CHA,W,38,8,18,0.444,2,7,0.286,2,4,0.5,5,4,9,2,3,0,2,3,20,16,1
22021,1628384,0022100790,"FEB 04, 2022",TOR vs. ATL,W,35,3,8,0.375,2,4,0.5,0,0,0.0,2,8,10,4,2,2,2,4,8,1,1
22021,1628384,0022100430,"FEB 03, 2022",TOR vs. CHI,W,42,8,15,0.533,5,8,0.625,0,0,0.0,0,1,1,6,1,1,3,2,21,9,1
22021,1628384,0022100784,"FEB 01, 2022",TOR vs. MIA,W,36,6,10,0.6,0,1,0.0,1,1,1.0,1,2,3,3,1,0,3,4,13,-4,1
22021,1628384,0022100767,"JAN 31, 2022",TOR @ ATL,W,36,6,13,0.462,3,5,0.6,0,0,0.0,0,5,5,2,1,1,0,2,15,13,1
22021,1628384,0022100748,"JAN 29, 2022",TOR @ MIA,W,56,9,21,0.429,2,7,0.286,0,2,0.0,4,10,14,6,3,1,3,2,20,-5,1
22021,1628384,0022100472,"JAN 26, 2022",TOR @ CHI,L,34,10,15,0.667,3,7,0.429,0,1,0.0,2,3,5,4,1,2,0,3,23,-14,1
22021,1628384,0022100715,"JAN 25, 2022",TOR vs. CHA,W,36,8,14,0.571,3,7,0.429,5,6,0.833,2,5,7,2,2,1,2,2,24,19,1
22021,1628384,0022100702,"JAN 23, 2022",TOR vs. POR,L,42,4,15,0.267,1,7,0.143,2,3,0.667,3,5,8,5,3,2,1,6,11,-11,1
22021,1628384,0022100689,"JAN 21, 2022",TOR @ WAS,W,41,6,13,0.462,0,4,0.0,0,1,0.0,2,7,9,1,4,1,3,3,12,-7,1
22021,1628384,0022100675,"JAN 19, 2022",TOR @ DAL,L,43,8,16,0.5,1,5,0.2,2,2,1.0,4,4,8,2,3,0,1,2,19,1,1
22021,1628384,0022100662,"JAN 17, 2022",TOR @ MIA,L,34,5,14,0.357,3,8,0.375,1,3,0.333,0,2,2,2,1,1,3,5,14,7,1
22021,1628384,0022100641,"JAN 15, 2022",TOR @ MIL,W,39,9,23,0.391,3,13,0.231,3,5,0.6,2,6,8,4,0,1,1,6,24,-4,1
22021,1628384,0022100633,"JAN 14, 2022",TOR @ DET,L,37,5,14,0.357,3,7,0.429,3,4,0.75,1,2,3,2,0,0,5,1,16,-8,1
22021,1628384,0022100613,"JAN 11, 2022",TOR vs. PHX,L,39,9,20,0.45,4,13,0.308,3,6,0.5,1,1,2,1,1,0,2,3,25,-3,1
22021,1628384,0022100599,"JAN 09, 2022",TOR vs. NOP,W,35,5,12,0.417,2,6,0.333,0,0,0.0,2,3,5,2,0,0,2,5,12,6,1
22021,1628384,0022100584,"JAN 07, 2022",TOR vs. UTA,W,34,8,13,0.615,4,7,0.571,2,2,1.0,1,3,4,2,3,0,1,0,22,11,1
22021,1628384,0022100573,"JAN 05, 2022",TOR @ MIL,W,35,6,10,0.6,4,7,0.571,6,8,0.75,0,6,6,2,0,0,3,4,22,-3,1
22021,1628384,0022100563,"JAN 04, 2022",TOR vs. SAS,W,31,5,14,0.357,2,8,0.25,2,2,1.0,1,6,7,3,2,0,1,1,14,6,1
22021,1628384,0022100545,"JAN 02, 2022",TOR vs. NYK,W,30,4,11,0.364,1,5,0.2,5,5,1.0,0,3,3,1,3,0,0,4,14,11,1
22021,1628384,0022100534,"DEC 31, 2021",TOR vs. LAC,W,36,8,16,0.5,3,7,0.429,7,8,0.875,3,3,6,0,4,0,1,3,26,10,1
22021,1628384,0022100443,"DEC 18, 2021",TOR vs. GSW,W,28,3,8,0.375,0,3,0.0,1,2,0.5,0,3,3,2,1,0,1,4,7,21,1
22021,1628384,0022100208,"NOV 15, 2021",TOR @ POR,L,41,9,19,0.474,6,10,0.6,5,6,0.833,2,4,6,2,3,0,0,1,29,0,1
22021,1628384,0022100189,"NOV 13, 2021",TOR vs. DET,L,38,7,14,0.5,2,8,0.25,1,2,0.5,0,2,2,0,1,1,4,4,17,3,1
22021,1628384,0022100171,"NOV 11, 2021",TOR @ PHI,W,39,7,15,0.467,2,4,0.5,4,4,1.0,1,3,4,4,1,0,1,3,20,-7,1
22021,1628384,0022100160,"NOV 10, 2021",TOR @ BOS,L,36,6,14,0.429,0,4,0.0,2,3,0.667,1,4,5,4,1,1,3,0,14,-17,1
22021,1628384,0022100139,"NOV 07, 2021",TOR vs. BKN,L,38,7,16,0.438,1,6,0.167,1,2,0.5,1,7,8,3,0,0,2,2,16,-13,1
22021,1628384,0022100127,"NOV 05, 2021",TOR vs. CLE,L,37,10,21,0.476,3,7,0.429,0,0,0.0,2,4,6,5,1,1,0,4,23,-5,1
22021,1628384,0022100112,"NOV 03, 2021",TOR @ WAS,W,40,9,20,0.45,3,5,0.6,0,0,0.0,1,4,5,1,3,1,2,4,21,5,1
22021,1628384,0022100099,"NOV 01, 2021",TOR @ NYK,W,41,13,27,0.481,4,12,0.333,6,7,0.857,3,3,6,2,1,0,1,3,36,15,1
22021,1628384,0022100081,"OCT 30, 2021",TOR @ IND,W,38,6,13,0.462,3,7,0.429,0,0,0.0,2,3,5,5,1,1,1,1,15,2,1
22021,1628384,0022100071,"OCT 29, 2021",TOR vs. ORL,W,41,7,19,0.368,2,8,0.25,0,0,0.0,0,5,5,3,0,0,2,5,16,3,1
22021,1628384,0022100058,"OCT 27, 2021",TOR vs. IND,W,34,9,21,0.429,4,10,0.4,3,4,0.75,1,2,3,3,5,1,1,2,25,18,1
22021,1628384,0022100046,"OCT 25, 2021",TOR vs. CHI,L,38,8,17,0.471,4,8,0.5,2,2,1.0,3,5,8,5,2,0,2,4,22,7,1
22021,1628384,0022100029,"OCT 23, 2021",TOR vs. DAL,L,32,9,15,0.6,5,9,0.556,0,0,0.0,0,4,4,0,2,2,2,5,23,-1,1
22021,1628384,0022100020,"OCT 22, 2021",TOR @ BOS,W,34,4,17,0.235,0,5,0.0,6,6,1.0,3,1,4,3,0,0,1,2,14,11,1
22021,1628384,0022100006,"OCT 20, 2021",TOR vs. WAS,L,34,3,17,0.176,2,9,0.222,3,4,0.75,4,6,10,1,2,1,3,1,11,-21,1
22022,1628384,0022201206,"APR 07, 2023",TOR @ BOS,L,31,3,10,0.3,1,4,0.25,0,0,0.0,1,1,2,1,1,0,0,0,7,-18,1
22022,1628384,0022201192,"APR 05, 2023",TOR @ BOS,L,40,5,16,0.313,2,8,0.25,0,0,0.0,2,2,4,2,4,3,0,2,12,0,1
22022,1628384,0022201176,"APR 04, 2023",TOR @ CHA,W,29,8,15,0.533,1,6,0.167,0,0,0.0,0,2,2,5,2,1,1,4,17,13,1
22022,1628384,0022201163,"APR 02, 2023",TOR @ CHA,W,34,9,13,0.692,5,6,0.833,0,0,0.0,1,6,7,1,0,0,0,2,23,16,1
22022,1628384,0022201150,"MAR 31, 2023",TOR @ PHI,L,41,6,12,0.5,3,8,0.375,2,2,1.0,1,2,3,3,1,1,1,5,17,-5,1
22022,1628384,0022201132,"MAR 28, 2023",TOR vs. MIA,W,39,9,14,0.643,4,9,0.444,0,0,0.0,2,1,3,5,1,0,2,2,22,17,1
22022,1628384,0022201119,"MAR 26, 2023",TOR vs. WAS,W,37,11,21,0.524,4,10,0.4,3,4,0.75,2,6,8,1,1,3,1,4,29,18,1
22022,1628384,0022201099,"MAR 24, 2023",TOR vs. DET,W,25,7,11,0.636,3,4,0.75,0,0,0.0,2,1,3,2,0,0,1,2,17,16,1
22022,1628384,0022201085,"MAR 22, 2023",TOR vs. IND,L,37,2,13,0.154,1,7,0.143,2,2,1.0,2,4,6,1,4,0,1,3,7,-3,1
22022,1628384,0022201068,"MAR 19, 2023",TOR @ MIL,L,37,8,12,0.667,4,5,0.8,2,2,1.0,1,3,4,1,1,1,0,3,22,-1,1
22022,1628384,0022201058,"MAR 18, 2023",TOR vs. MIN,W,35,6,9,0.667,2,3,0.667,1,1,1.0,0,2,2,1,1,0,3,3,15,23,1
22022,1628384,0022201044,"MAR 16, 2023",TOR vs. OKC,W,29,6,9,0.667,3,4,0.75,2,2,1.0,1,3,4,1,2,2,2,5,17,14,1
22022,1628384,0022201029,"MAR 14, 2023",TOR vs. DEN,W,35,10,14,0.714,4,8,0.5,0,0,0.0,1,2,3,3,1,0,1,4,24,13,1
22022,1628384,0022201003,"MAR 10, 2023",TOR @ LAL,L,38,12,14,0.857,4,6,0.667,3,3,1.0,0,2,2,1,5,0,5,1,31,7,1
22022,1628384,0022200991,"MAR 08, 2023",TOR @ LAC,L,37,7,11,0.636,4,7,0.571,0,0,0.0,2,1,3,0,3,0,2,1,18,-2,1
22022,1628384,0022200975,"MAR 06, 2023",TOR @ DEN,L,35,3,7,0.429,3,6,0.5,3,4,0.75,2,2,4,1,0,0,1,3,12,-4,1
22022,1628384,0022200956,"MAR 04, 2023",TOR @ WAS,W,39,2,11,0.182,0,6,0.0,2,2,1.0,2,1,3,2,1,1,2,3,6,-4,1
22022,1628384,0022200942,"MAR 02, 2023",TOR @ WAS,L,38,9,16,0.563,4,9,0.444,4,4,1.0,1,2,3,2,2,1,3,3,26,7,1
22022,1628384,0022200925,"FEB 28, 2023",TOR vs. CHI,W,34,6,13,0.462,2,4,0.5,3,4,0.75,3,5,8,2,1,0,3,5,17,16,1
22022,1628384,0022200914,"FEB 26, 2023",TOR @ CLE,L,34,3,7,0.429,1,2,0.5,0,0,0.0,0,1,1,1,1,0,1,4,7,-30,1
22022,1628384,0022200903,"FEB 25, 2023",TOR @ DET,W,39,2,7,0.286,0,2,0.0,2,2,1.0,1,2,3,2,1,1,1,3,6,-1,1
22022,1628384,0022200890,"FEB 23, 2023",TOR vs. NOP,W,32,5,13,0.385,1,8,0.125,1,1,1.0,0,6,6,2,2,1,3,5,12,-5,1
22022,1628384,0022200740,"JAN 27, 2023",TOR @ GSW,L,10,0,2,0.0,0,1,0.0,1,2,0.5,0,0,0,1,1,0,0,0,1,7,1
22022,1628384,0022200728,"JAN 25, 2023",TOR @ SAC,W,31,4,9,0.444,3,6,0.5,0,0,0.0,0,3,3,2,2,1,1,1,11,24,1
22022,1628384,0022200692,"JAN 21, 2023",TOR vs. BOS,L,21,5,7,0.714,2,2,1.0,0,0,0.0,1,2,3,0,0,0,2,0,12,9,1
22022,1628384,0022200680,"JAN 19, 2023",TOR @ MIN,L,36,5,11,0.455,3,7,0.429,2,2,1.0,1,7,8,0,1,1,3,3,15,0,1
22022,1628384,0022200665,"JAN 17, 2023",TOR @ MIL,L,35,2,13,0.154,0,4,0.0,1,2,0.5,2,1,3,2,0,1,0,1,5,2,1
22022,1628384,0022200659,"JAN 16, 2023",TOR @ NYK,W,40,3,10,0.3,2,7,0.286,2,2,1.0,2,3,5,3,3,2,1,5,10,-1,1
22022,1628384,0022200644,"JAN 14, 2023",TOR vs. ATL,L,35,5,13,0.385,2,7,0.286,2,4,0.5,2,2,4,2,0,0,3,2,14,-8,1
22022,1628384,0022200629,"JAN 12, 2023",TOR vs. CHA,W,38,6,15,0.4,3,8,0.375,0,0,0.0,2,2,4,4,4,1,2,3,15,6,1
22022,1628384,0022200613,"JAN 10, 2023",TOR vs. CHA,W,31,8,12,0.667,6,7,0.857,0,0,0.0,2,1,3,2,0,0,2,5,22,2,1
22022,1628384,0022200597,"JAN 08, 2023",TOR vs. POR,W,34,4,11,0.364,2,4,0.5,4,4,1.0,3,2,5,2,4,1,2,6,14,1,1
22022,1628384,0022200582,"JAN 06, 2023",TOR vs. NYK,L,40,6,12,0.5,1,4,0.25,0,1,0.0,3,6,9,2,3,0,0,5,13,5,1
22022,1628384,0022200569,"JAN 04, 2023",TOR vs. MIL,L,46,6,18,0.333,2,8,0.25,0,0,0.0,2,7,9,0,4,0,1,2,14,-5,1
22022,1628384,0022200553,"JAN 02, 2023",TOR @ IND,L,40,7,20,0.35,3,11,0.273,0,0,0.0,4,4,8,2,1,2,2,3,17,0,1
22022,1628384,0022200531,"DEC 30, 2022",TOR vs. PHX,W,29,6,10,0.6,2,5,0.4,2,2,1.0,1,4,5,4,2,0,3,5,16,19,1
22022,1628384,0022200526,"DEC 29, 2022",TOR vs. MEM,L,35,5,17,0.294,3,8,0.375,3,3,1.0,2,1,3,3,2,1,1,4,16,-29,1
22022,1628384,0022200509,"DEC 27, 2022",TOR vs. LAC,L,44,5,9,0.556,2,3,0.667,6,6,1.0,1,4,5,1,0,1,4,4,18,-19,1
22022,1628384,0022200484,"DEC 23, 2022",TOR @ CLE,W,38,10,16,0.625,6,9,0.667,0,0,0.0,1,8,9,2,2,0,4,2,26,9,1
22022,1628384,0022200471,"DEC 21, 2022",TOR @ NYK,W,36,7,15,0.467,1,6,0.167,0,0,0.0,3,3,6,1,0,1,0,3,15,5,1
22022,1628384,0022200453,"DEC 19, 2022",TOR @ PHI,L,40,4,10,0.4,3,7,0.429,2,4,0.5,0,4,4,3,2,1,2,2,13,-25,1
22022,1628384,0022200379,"DEC 09, 2022",TOR @ ORL,L,44,2,7,0.286,0,2,0.0,8,9,0.889,0,8,8,2,5,0,1,4,12,5,1
22022,1628384,0022200366,"DEC 07, 2022",TOR vs. LAL,W,34,8,19,0.421,2,8,0.25,5,6,0.833,1,5,6,1,1,1,1,1,23,12,1
22022,1628384,0022200355,"DEC 05, 2022",TOR vs. BOS,L,42,6,14,0.429,1,5,0.2,0,0,0.0,1,4,5,0,3,1,5,3,13,-3,1
22022,1628384,0022200340,"DEC 03, 2022",TOR vs. ORL,W,33,12,17,0.706,2,4,0.5,6,8,0.75,2,0,2,4,3,0,1,2,32,21,1
22022,1628384,0022200329,"DEC 02, 2022",TOR @ BKN,L,38,8,16,0.5,0,2,0.0,5,7,0.714,3,3,6,1,2,0,0,2,21,-17,1
22022,1628384,0022200318,"NOV 30, 2022",TOR @ NOP,L,31,5,11,0.455,1,3,0.333,1,1,1.0,0,5,5,3,1,1,4,4,12,-4,1
22022,1628384,0022200303,"NOV 28, 2022",TOR vs. CLE,W,37,8,13,0.615,4,6,0.667,0,0,0.0,0,1,1,2,1,1,0,1,20,16,1
22022,1628384,0022200286,"NOV 26, 2022",TOR vs. DAL,W,43,9,19,0.474,2,4,0.5,6,7,0.857,4,5,9,2,2,2,5,3,26,-2,1
22022,1628384,0022200266,"NOV 23, 2022",TOR vs. BKN,L,36,7,20,0.35,0,3,0.0,1,1,1.0,1,4,5,4,2,0,5,1,15,-29,1
22022,1628384,0022200235,"NOV 19, 2022",TOR @ ATL,L,42,10,24,0.417,0,6,0.0,7,7,1.0,0,3,3,5,2,0,5,4,27,-11,1
22022,1628384,0022200215,"NOV 16, 2022",TOR vs. MIA,W,43,13,18,0.722,1,3,0.333,5,6,0.833,3,7,10,3,0,1,3,2,32,8,1
22022,1628384,0022200199,"NOV 14, 2022",TOR @ DET,W,37,6,19,0.316,1,6,0.167,6,7,0.857,2,5,7,3,0,2,3,2,19,1,1
22022,1628384,0022200187,"NOV 12, 2022",TOR @ IND,L,36,9,16,0.563,2,7,0.286,6,7,0.857,0,2,2,3,1,2,4,4,26,-17,1
22022,1628384,0022200179,"NOV 11, 2022",TOR @ OKC,L,31,6,15,0.4,0,2,0.0,1,1,1.0,3,3,6,1,2,1,3,1,13,-24,1
22022,1628384,0022200165,"NOV 09, 2022",TOR vs. HOU,W,39,10,20,0.5,4,9,0.444,3,4,0.75,1,9,10,1,3,1,1,3,27,18,1
22022,1628384,0022200151,"NOV 07, 2022",TOR @ CHI,L,39,4,12,0.333,0,2,0.0,5,7,0.714,1,3,4,1,3,0,4,4,13,-12,1
22022,1628384,0022200141,"NOV 06, 2022",TOR vs. CHI,W,38,10,19,0.526,2,5,0.4,0,0,0.0,4,2,6,3,3,1,1,3,22,24,1
22022,1628384,0022200127,"NOV 04, 2022",TOR @ DAL,L,38,11,21,0.524,4,6,0.667,1,1,1.0,2,5,7,1,5,0,4,4,27,-2,1
22022,1628384,0022200114,"NOV 02, 2022",TOR @ SAS,W,24,7,12,0.583,1,3,0.333,3,3,1.0,1,4,5,3,5,1,2,2,18,28,1
22022,1628384,0022200099,"OCT 31, 2022",TOR vs. ATL,W,32,5,10,0.5,2,7,0.286,2,2,1.0,1,5,6,3,6,2,1,5,14,12,1
22022,1628384,0022200073,"OCT 28, 2022",TOR vs. PHI,L,36,7,16,0.438,2,7,0.286,3,5,0.6,3,6,9,2,2,1,2,2,19,-12,1
22022,1628384,0022200059,"OCT 26, 2022",TOR vs. PHI,W,34,6,10,0.6,1,3,0.333,2,2,1.0,0,2,2,1,3,0,1,4,15,3,1
22022,1628384,0022200045,"OCT 24, 2022",TOR @ MIA,W,34,2,4,0.5,1,3,0.333,1,2,0.5,0,7,7,0,2,1,3,5,6,16,1
22022,1628384,0022200031,"OCT 22, 2022",TOR @ MIA,L,38,5,14,0.357,3,6,0.5,0,0,0.0,1,8,9,0,1,1,0,3,13,4,1
22022,1628384,0022200021,"OCT 21, 2022",TOR @ BKN,L,37,3,9,0.333,2,4,0.5,2,2,1.0,1,4,5,1,1,1,3,4,10,4,1
22022,1628384,0022200008,"OCT 19, 2022",TOR vs. CLE,W,38,5,12,0.417,2,5,0.4,6,7,0.857,1,6,7,5,3,1,3,4,18,9,1
22023,1628384,0022301190,"APR 14, 2024",NYK vs. CHI,W,43,4,10,0.4,2,4,0.5,1,3,0.333,2,3,5,4,2,1,6,4,11,8,1
22023,1628384,0022301175,"APR 12, 2024",NYK vs. BKN,W,34,6,13,0.462,3,5,0.6,0,0,0.0,0,1,1,0,2,0,0,3,15,4,1
22023,1628384,0022301167,"APR 11, 2024",NYK @ BOS,W,26,5,10,0.5,2,3,0.667,0,0,0.0,1,4,5,1,1,1,1,1,12,20,1
22023,1628384,0022301149,"APR 09, 2024",NYK @ CHI,W,35,10,18,0.556,4,6,0.667,0,0,0.0,0,3,3,1,0,1,2,4,24,12,1
22023,1628384,0022301139,"APR 07, 2024",NYK @ MIL,W,38,2,10,0.2,0,5,0.0,0,0,0.0,2,1,3,2,4,2,1,4,4,7,1
22023,1628384,0022301119,"APR 05, 2024",NYK @ CHI,L,29,5,8,0.625,2,4,0.5,0,0,0.0,0,1,1,0,2,0,1,1,12,5,1
22023,1628384,0022300975,"MAR 16, 2024",NYK @ SAC,W,33,1,8,0.125,0,4,0.0,0,0,0.0,1,5,6,2,1,3,3,2,2,6,1
22023,1628384,0022300960,"MAR 14, 2024",NYK @ POR,W,36,5,11,0.455,1,4,0.25,1,2,0.5,2,7,9,2,2,0,2,4,12,11,1
22023,1628384,0022300939,"MAR 12, 2024",NYK vs. PHI,W,29,6,11,0.545,2,5,0.4,0,0,0.0,0,4,4,2,1,0,3,0,14,28,1
22023,1628384,0022300643,"JAN 27, 2024",NYK vs. MIA,W,34,8,14,0.571,2,5,0.4,1,3,0.333,0,1,1,4,2,0,1,2,19,13,1
22023,1628384,0022300631,"JAN 25, 2024",NYK vs. DEN,W,29,10,18,0.556,3,9,0.333,3,5,0.6,0,2,2,1,6,0,1,2,26,38,1
22023,1628384,0022300615,"JAN 23, 2024",NYK @ BKN,W,33,3,8,0.375,0,1,0.0,4,4,1.0,1,4,5,1,4,2,3,2,10,11,1
22023,1628384,0022300596,"JAN 20, 2024",NYK vs. TOR,W,37,5,11,0.455,0,3,0.0,4,4,1.0,0,7,7,1,1,3,1,2,14,20,1
22023,1628384,0022300579,"JAN 18, 2024",NYK vs. WAS,W,43,6,9,0.667,3,5,0.6,4,4,1.0,0,7,7,1,0,2,1,3,19,12,1
22023,1628384,0022300573,"JAN 17, 2024",NYK vs. HOU,W,43,5,10,0.5,2,5,0.4,3,3,1.0,0,5,5,0,4,1,1,2,15,24,1
22023,1628384,0022300557,"JAN 15, 2024",NYK vs. ORL,L,44,5,11,0.455,3,4,0.75,4,4,1.0,1,1,2,4,0,0,2,2,17,2,1
22023,1628384,0022300544,"JAN 13, 2024",NYK @ MEM,W,32,7,15,0.467,1,4,0.25,3,4,0.75,2,3,5,2,1,4,4,1,18,7,1
22023,1628384,0022300530,"JAN 11, 2024",NYK @ DAL,L,39,4,10,0.4,1,6,0.167,1,1,1.0,1,5,6,2,0,2,1,1,10,14,1
22023,1628384,0022300514,"JAN 09, 2024",NYK vs. POR,W,29,9,12,0.75,4,6,0.667,1,2,0.5,2,2,4,0,1,1,1,3,23,26,1
22023,1628384,0022300494,"JAN 06, 2024",NYK @ WAS,W,31,4,7,0.571,1,3,0.333,0,0,0.0,2,3,5,2,1,0,1,3,9,11,1
22023,1628384,0022300483,"JAN 05, 2024",NYK @ PHI,W,37,3,11,0.273,1,3,0.333,4,4,1.0,1,1,2,0,1,0,0,3,11,20,1
22023,1628384,0022300468,"JAN 03, 2024",NYK vs. CHI,W,34,5,9,0.556,1,4,0.25,0,0,0.0,2,6,8,2,2,0,1,2,11,35,1
22023,1628384,0022300451,"JAN 01, 2024",NYK vs. MIN,W,35,7,12,0.583,3,6,0.5,0,0,0.0,3,3,6,1,2,0,1,6,17,19,1
22023,1628384,0022300432,"DEC 29, 2023",TOR @ BOS,L,37,5,8,0.625,2,4,0.5,0,0,0.0,0,2,2,2,2,0,1,1,12,4,1
22023,1628384,0022300416,"DEC 27, 2023",TOR @ WAS,W,29,11,16,0.688,3,7,0.429,1,2,0.5,2,4,6,2,0,0,1,1,26,24,1
22023,1628384,0022300395,"DEC 23, 2023",TOR vs. UTA,L,36,8,13,0.615,2,3,0.667,1,1,1.0,1,1,2,4,2,0,0,1,19,-4,1
22023,1628384,0022300382,"DEC 22, 2023",TOR @ PHI,L,35,4,9,0.444,0,4,0.0,4,4,1.0,0,4,4,6,1,0,2,4,12,-11,1
22023,1628384,0022300369,"DEC 20, 2023",TOR vs. DEN,L,40,4,9,0.444,1,4,0.25,0,0,0.0,0,1,1,3,0,0,1,2,9,-5,1
22023,1628384,0022300354,"DEC 18, 2023",TOR vs. CHA,W,32,2,10,0.2,0,5,0.0,1,1,1.0,0,2,2,2,1,0,2,3,5,3,1
22023,1628384,0022300330,"DEC 15, 2023",TOR vs. ATL,L,33,3,8,0.375,1,4,0.25,0,0,0.0,0,2,2,4,0,0,2,0,7,-19,1
22023,1628384,0022300313,"DEC 13, 2023",TOR vs. ATL,W,37,10,13,0.769,2,5,0.4,0,0,0.0,2,3,5,3,1,0,2,4,22,17,1
22023,1628384,0022300297,"DEC 11, 2023",TOR @ NYK,L,37,11,20,0.55,5,11,0.455,2,2,1.0,1,4,5,2,1,0,2,3,29,-6,1
22023,1628384,0022301216,"DEC 08, 2023",TOR @ CHA,L,36,3,12,0.25,0,6,0.0,5,5,1.0,0,3,3,4,1,0,0,3,11,0,1
22023,1628384,0022301207,"DEC 06, 2023",TOR vs. MIA,L,39,8,13,0.615,5,10,0.5,2,2,1.0,1,7,8,6,1,1,2,2,23,-9,1
22023,1628384,0022300276,"DEC 01, 2023",TOR vs. NYK,L,27,4,13,0.308,1,6,0.167,0,0,0.0,1,4,5,3,1,2,3,5,9,-4,1
22023,1628384,0022300260,"NOV 29, 2023",TOR vs. PHX,W,34,5,10,0.5,3,5,0.6,0,1,0.0,0,3,3,1,3,1,0,3,13,1,1
22023,1628384,0022300054,"NOV 28, 2023",TOR @ BKN,L,37,4,12,0.333,2,6,0.333,0,0,0.0,2,1,3,2,0,0,2,3,10,-14,1
22023,1628384,0022300251,"NOV 26, 2023",TOR @ CLE,L,34,4,12,0.333,2,5,0.4,1,3,0.333,5,2,7,1,0,1,1,1,11,11,1
22023,1628384,0022300046,"NOV 24, 2023",TOR vs. CHI,W,34,10,14,0.714,5,7,0.714,1,2,0.5,1,5,6,3,1,0,2,2,26,9,1
22023,1628384,0022300230,"NOV 22, 2023",TOR @ IND,W,36,5,12,0.417,1,4,0.25,2,2,1.0,2,2,4,3,1,0,2,3,13,-6,1
22023,1628384,0022300038,"NOV 21, 2023",TOR @ ORL,L,30,4,8,0.5,3,5,0.6,0,0,0.0,0,1,1,4,0,3,4,0,11,-15,1
22023,1628384,0022300211,"NOV 19, 2023",TOR vs. DET,W,27,2,11,0.182,1,6,0.167,4,6,0.667,1,4,5,3,2,0,1,3,9,15,1
22023,1628384,0022300174,"NOV 11, 2023",TOR @ BOS,L,28,3,13,0.231,2,8,0.25,0,0,0.0,1,2,3,2,1,0,0,0,8,-26,1
22023,1628384,0022300168,"NOV 08, 2023",TOR @ DAL,W,36,9,17,0.529,3,8,0.375,5,6,0.833,1,4,5,2,0,0,2,4,26,9,1
22023,1628384,0022300141,"NOV 05, 2023",TOR @ SAS,W,38,8,16,0.5,7,13,0.538,1,4,0.25,2,4,6,4,2,0,1,3,24,8,1
22023,1628384,0022300128,"NOV 02, 2023",TOR @ PHI,L,33,7,12,0.583,2,4,0.5,0,0,0.0,1,3,4,1,0,1,3,2,16,5,1
22023,1628384,0022300116,"NOV 01, 2023",TOR vs. MIL,W,25,7,7,1.0,1,1,1.0,1,2,0.5,0,2,2,3,1,0,2,5,16,16,1
22023,1628384,0022300105,"OCT 30, 2023",TOR vs. POR,L,30,4,12,0.333,2,9,0.222,0,0,0.0,0,3,3,1,2,1,2,0,10,0,1
22023,1628384,0022300082,"OCT 27, 2023",TOR @ CHI,L,28,5,8,0.625,1,4,0.25,0,1,0.0,0,3,3,0,2,0,1,2,11,28,1
22023,1628384,0022300069,"OCT 25, 2023",TOR vs. MIN,W,34,7,13,0.538,4,9,0.444,2,2,1.0,0,6,6,1,2,3,2,2,20,6,1
22024,1628384,0022400692,"FEB 01, 2025",NYK vs. LAL,L,17,5,7,0.714,3,4,0.75,0,0,0.0,1,0,1,1,0,2,1,0,13,1,1
22024,1628384,0022400668,"JAN 29, 2025",NYK vs. DEN,W,39,9,15,0.6,5,7,0.714,0,2,0.0,1,3,4,1,0,0,1,4,23,15,1
22024,1628384,0022400653,"JAN 27, 2025",NYK vs. MEM,W,34,5,12,0.417,2,5,0.4,3,4,0.75,1,4,5,4,6,1,0,0,15,41,1
22024,1628384,0022400641,"JAN 25, 2025",NYK vs. SAC,W,35,12,18,0.667,4,7,0.571,5,6,0.833,2,1,3,4,2,1,0,2,33,6,1
22024,1628384,0022400606,"JAN 21, 2025",NYK @ BKN,W,37,8,18,0.444,2,6,0.333,2,2,1.0,3,1,4,3,3,1,0,2,20,-4,1
22024,1628384,0022400602,"JAN 20, 2025",NYK vs. ATL,W,41,2,4,0.5,0,1,0.0,4,4,1.0,2,7,9,2,0,0,1,3,8,6,1
22024,1628384,0022400578,"JAN 17, 2025",NYK vs. MIN,L,38,5,10,0.5,3,6,0.5,5,6,0.833,4,6,10,3,1,1,1,1,18,-18,1
22024,1628384,0022400561,"JAN 15, 2025",NYK @ PHI,W,45,6,16,0.375,3,10,0.3,2,2,1.0,0,4,4,4,1,0,2,1,17,-2,1
22024,1628384,0022400549,"JAN 13, 2025",NYK vs. DET,L,39,5,9,0.556,0,2,0.0,0,0,0.0,2,1,3,1,1,0,3,4,10,-8,1
22024,1628384,0022400539,"JAN 12, 2025",NYK vs. MIL,W,31,5,12,0.417,1,5,0.2,0,1,0.0,0,1,1,2,0,1,2,3,11,21,1
22024,1628384,0022400529,"JAN 10, 2025",NYK vs. OKC,L,36,2,8,0.25,0,5,0.0,0,0,0.0,1,2,3,2,0,0,2,2,4,-6,1
22024,1628384,0022400511,"JAN 08, 2025",NYK vs. TOR,W,38,8,13,0.615,4,6,0.667,7,8,0.875,1,1,2,0,2,1,2,2,27,24,1
22024,1628384,0022400496,"JAN 06, 2025",NYK vs. ORL,L,35,4,11,0.364,0,3,0.0,1,2,0.5,3,1,4,3,1,1,1,1,9,-6,1
22024,1628384,0022400482,"JAN 04, 2025",NYK @ CHI,L,32,5,12,0.417,2,6,0.333,0,0,0.0,2,3,5,0,1,0,3,0,12,-8,1
22024,1628384,0022400473,"JAN 03, 2025",NYK @ OKC,L,43,7,13,0.538,3,7,0.429,3,3,1.0,0,2,2,3,0,0,1,3,20,-12,1
22024,1628384,0022400458,"JAN 01, 2025",NYK vs. UTA,W,41,10,16,0.625,1,3,0.333,1,3,0.333,1,2,3,2,3,2,1,3,22,0,1
22024,1628384,0022400443,"DEC 30, 2024",NYK @ WAS,W,34,5,14,0.357,4,11,0.364,4,4,1.0,2,6,8,1,0,1,0,3,18,1,1
22024,1628384,0022400429,"DEC 28, 2024",NYK @ WAS,W,42,4,12,0.333,1,5,0.2,0,0,0.0,1,3,4,0,1,0,1,1,9,-2,1
22024,1628384,0022400419,"DEC 27, 2024",NYK @ ORL,W,28,4,8,0.5,0,1,0.0,0,0,0.0,1,4,5,0,0,0,3,4,8,7,1
22024,1628384,0022400405,"DEC 25, 2024",NYK vs. SAS,W,36,3,10,0.3,2,6,0.333,0,0,0.0,3,2,5,1,1,0,0,2,8,13,1
22024,1628384,0022400397,"DEC 23, 2024",NYK vs. TOR,W,34,13,15,0.867,4,6,0.667,1,3,0.333,2,5,7,4,1,0,2,2,31,25,1
22024,1628384,0022400384,"DEC 21, 2024",NYK @ NOP,W,37,6,17,0.353,2,8,0.25,2,2,1.0,2,3,5,3,3,0,2,3,16,17,1
22024,1628384,0022400367,"DEC 19, 2024",NYK @ MIN,W,30,3,8,0.375,1,5,0.2,2,2,1.0,1,2,3,4,2,1,0,1,9,28,1
22024,1628384,0022401227,"DEC 15, 2024",NYK @ ORL,W,37,3,8,0.375,1,3,0.333,0,0,0.0,1,4,5,1,1,0,2,2,7,14,1
22024,1628384,0022401202,"DEC 11, 2024",NYK vs. ATL,L,39,5,17,0.294,1,9,0.111,2,4,0.5,2,4,6,1,1,3,1,1,13,-2,1
22024,1628384,0022400359,"DEC 09, 2024",NYK @ TOR,W,41,6,14,0.429,2,9,0.222,0,1,0.0,0,4,4,3,2,3,2,2,14,-7,1
22024,1628384,0022400343,"DEC 07, 2024",NYK vs. DET,L,39,6,15,0.4,2,8,0.25,3,4,0.75,1,3,4,2,4,2,3,4,17,-10,1
22024,1628384,0022400327,"DEC 05, 2024",NYK vs. CHA,W,40,10,18,0.556,3,4,0.75,2,2,1.0,1,5,6,2,4,2,1,2,25,18,1
22024,1628384,0022400053,"DEC 03, 2024",NYK vs. ORL,W,32,7,10,0.7,4,7,0.571,0,0,0.0,0,2,2,2,0,2,0,4,18,21,1
22024,1628384,0022400308,"DEC 01, 2024",NYK vs. NOP,W,31,2,10,0.2,0,3,0.0,3,4,0.75,1,3,4,2,3,4,2,1,7,32,1
22024,1628384,0022400040,"NOV 29, 2024",NYK @ CHA,W,40,3,11,0.273,0,4,0.0,2,2,1.0,1,3,4,0,0,2,4,4,8,3,1
22024,1628384,0022400292,"NOV 27, 2024",NYK @ DAL,L,40,3,15,0.2,0,8,0.0,2,2,1.0,3,2,5,2,0,0,1,2,8,-15,1
22024,1628384,0022400283,"NOV 25, 2024",NYK @ DEN,W,38,16,23,0.696,5,7,0.714,3,3,1.0,1,4,5,4,0,1,1,2,40,21,1
22024,1628384,0022400264,"NOV 23, 2024",NYK @ UTA,L,36,10,19,0.526,7,12,0.583,0,0,0.0,1,2,3,0,3,2,0,5,27,-7,1
22024,1628384,0022400257,"NOV 20, 2024",NYK @ PHX,W,35,4,7,0.571,2,4,0.5,4,4,1.0,1,6,7,1,2,0,2,3,14,20,1
22024,1628384,0022400246,"NOV 18, 2024",NYK vs. WAS,W,30,6,12,0.5,1,4,0.25,3,4,0.75,2,3,5,2,2,0,0,0,16,22,1
22024,1628384,0022400240,"NOV 17, 2024",NYK vs. BKN,W,40,9,17,0.529,3,7,0.429,3,5,0.6,3,5,8,0,0,1,0,4,24,3,1
22024,1628384,0022400014,"NOV 15, 2024",NYK vs. BKN,W,39,10,17,0.588,1,8,0.125,4,5,0.8,1,7,8,1,2,0,3,6,25,10,1
22024,1628384,0022400219,"NOV 13, 2024",NYK vs. CHI,L,36,5,14,0.357,2,7,0.286,2,2,1.0,2,7,9,2,0,2,2,2,14,-20,1
22024,1628384,0022400004,"NOV 12, 2024",NYK @ PHI,W,41,11,16,0.688,2,4,0.5,0,0,0.0,0,6,6,2,1,1,0,1,24,18,1
22024,1628384,0022400203,"NOV 10, 2024",NYK @ IND,L,36,9,14,0.643,3,4,0.75,4,4,1.0,2,2,4,2,2,0,3,3,25,-2,1
22024,1628384,0022400189,"NOV 08, 2024",NYK vs. MIL,W,32,4,12,0.333,1,8,0.125,5,6,0.833,0,6,6,5,3,2,2,4,14,19,1
22024,1628384,0022400171,"NOV 06, 2024",NYK @ ATL,L,41,5,13,0.385,3,8,0.375,2,2,1.0,1,5,6,3,1,0,0,1,15,-1,1
22024,1628384,0022400161,"NOV 04, 2024",NYK @ HOU,L,40,7,14,0.5,5,6,0.833,2,3,0.667,1,5,6,2,1,2,0,2,21,-5,1
22024,1628384,0022400134,"NOV 01, 2024",NYK @ DET,W,33,8,15,0.533,3,5,0.6,2,2,1.0,2,2,4,6,2,0,0,0,21,23,1
22024,1628384,0022400122,"OCT 30, 2024",NYK @ MIA,W,37,3,6,0.5,3,6,0.5,2,2,1.0,0,3,3,0,2,0,3,2,11,11,1
22024,1628384,0022400106,"OCT 28, 2024",NYK vs. CLE,L,37,7,13,0.538,1,4,0.25,0,1,0.0,1,1,2,2,2,1,2,3,15,3,1
22024,1628384,0022400081,"OCT 25, 2024",NYK vs. IND,W,34,6,12,0.5,1,4,0.25,1,2,0.5,0,4,4,1,1,0,1,3,14,18,1
22024,1628384,0022400061,"OCT 22, 2024",NYK @ BOS,L,34,1,7,0.143,0,4,0.0,2,2,1.0,0,5,5,3,1,0,0,3,4,-21,1
